1027760	UpdateAdvantageCache
1027970	AddByGoods
11FBA60	UpdateCandidateShortage
11FBDA0	Refresh
11FC080	UpdateCandidateRevenue
11FC320	CalculateDesirability
1207860	CalculateNetUnitProfit
1226080	WrapNumericContext
1226160	FillGoodsDirectionContext
1228B90	BuildMarketTradeFraction
122AB50	CalculateQuantityPerCapacity
13A3460	ComputeRelativeAdvantageAndPrice
13A3B10	ComputeRelativeTradeAdvantage
13A5280	ApplyRelativeAdvantageToPrice
13C1A10	InitTempContext
13C2350	NormalizeAdvantage
140A6B0	PriceOrAdvantageDeltaCandidate
7B81E0	ExecuteTickTask
7C49D0	CallbackAdapter_7C49D0
7C96A0	Resolve
844150	ReadModifierAttribute
